{"sum": 274839154.30344963, "avg": 29058.908257924468, "min": 99.37, "max": 99270.63}